{
	"A": -2.6036901857779675,
	"R": -3.170085660698769,
	"N": -3.123565645063876,
	"D": -2.8302178350764176,
	"C": -3.4112477175156566,
	"E": -2.8473122684357177,
	"Q": -3.2968373663379125,
	"G": -2.6036901857779675,
	"H": -3.540459448995663,
	"I": -3.270169119255751,
	"L": -2.577021938695806,
	"K": -2.631089159966082,
	"M": -4.017383521085972,
	"F": -3.2188758248682006,
	"P": -2.995732273553991,
	"S": -2.513306124309698,
	"T": -2.7806208939370456,
	"W": -4.3428059215206005,
	"Y": -3.4112477175156566,
	"V": -2.6882475738060303
}
